geoid,name,B03002001,"B03002001, Error",B03002002,"B03002002, Error",B03002003,"B03002003, Error",B03002004,"B03002004, Error",B03002005,"B03002005, Error",B03002006,"B03002006, Error",B03002007,"B03002007, Error",B03002008,"B03002008, Error",B03002009,"B03002009, Error",B03002010,"B03002010, Error",B03002011,"B03002011, Error",B03002012,"B03002012, Error",B03002013,"B03002013, Error",B03002014,"B03002014, Error",B03002015,"B03002015, Error",B03002016,"B03002016, Error",B03002017,"B03002017, Error",B03002018,"B03002018, Error",B03002019,"B03002019, Error",B03002020,"B03002020, Error",B03002021,"B03002021, Error"
01000US,United States,314107084,0,261036988,1539,197159492,8569,38460598,27806,2082768,7398,15536209,21025,493155,4158,611881,10486,6692885,45979,294346,6738,6398539,42819,53070096,1536,34690221,51065,1104187,15994,482752,10615,174450,5698,42606,2583,14143014,86711,2432866,37438,1234556,25814,1198310,16727
04000US06,California,38066920,0,23532471,0,14905601,3435,2155929,6064,145736,2746,5062736,8006,136464,1879,81869,3869,1044136,11815,54818,2610,989318,11668,14534449,0,8745312,26890,106394,3676,141624,5855,67800,3020,10822,907,4808460,33991,654037,13882,343679,9078,310358,8302
05000US06037,"Los Angeles County, CA",9974203,0,5173712,0,2711665,1600,802132,2642,18207,1056,1377333,3502,23921,594,24807,1707,215647,4558,15138,1139,200509,4362,4800491,0,2617668,18660,30121,1826,36202,2498,17016,1435,2153,461,1925133,20825,172198,5343,96368,3583,75830,3409
31000US31080,"Los Angeles-Long Beach-Anaheim, CA Metro Area",13060534,0,7209272,0,4035246,1919,849204,2897,24471,1185,1946958,4205,32656,807,29990,2002,290747,5672,18367,1323,272380,5557,5851262,0,3236762,20762,33815,2041,41790,2608,21052,1588,2890,567,2306955,23877,207998,6001,116919,4140,91079,3601
86000US90001,90001,56314,1813,5736,520,390,205,5112,518,17,28,74,45,0,29,12,18,131,82,26,30,105,76,50578,1851,27707,1946,218,126,446,437,9,14,0,29,21600,1928,598,209,436,195,162,108
86000US90002,90002,50098,1993,12933,1063,407,195,12153,1061,53,49,151,70,18,20,6,11,145,116,0,26,145,116,37165,1927,23828,2034,163,135,152,126,0,26,31,43,12683,1444,308,122,198,102,110,68
86000US90003,90003,66913,1801,17323,1274,331,160,16214,1230,125,124,241,217,21,40,55,41,336,234,1,2,335,234,49590,1774,14648,1447,272,133,386,211,1,3,8,14,33529,1830,746,274,397,205,349,193
86000US90004,90004,63547,1660,31245,1197,11034,849,2053,351,70,64,16118,848,190,224,549,293,1231,369,141,105,1090,341,32302,1626,10917,1262,218,168,216,155,181,154,0,29,20153,1528,617,207,459,160,158,92
86000US90005,90005,38638,1340,18240,984,3281,418,1453,298,98,61,12819,885,8,12,189,145,392,151,42,50,350,142,20398,1317,4273,694,201,115,121,101,57,75,0,26,15450,1173,296,127,113,81,183,104
86000US90006,90006,61419,1676,15615,1065,2079,468,1767,420,58,47,11040,821,283,233,67,61,321,117,37,29,284,116,45804,1416,9013,970,223,145,404,268,56,82,0,29,35281,1465,827,265,621,226,206,146
86000US90007,90007,43779,1457,20964,1041,7554,684,4376,569,21,26,8082,761,143,148,218,140,570,166,10,16,560,167,22815,916,5048,612,60,35,156,104,106,84,0,26,16899,1066,546,232,438,223,108,55
86000US90008,90008,33012,1395,25690,1358,670,209,22624,1363,62,72,1065,342,94,103,225,128,950,316,31,35,919,312,7322,987,3340,796,254,120,35,36,0,26,0,26,3452,759,241,156,113,76,128,131
86000US90010,90010,3792,505,3462,484,590,165,69,61,10,15,2793,457,0,12,0,12,0,12,0,12,0,12,330,140,157,119,0,12,0,12,0,12,0,12,154,77,19,22,6,9,13,20
86000US90011,90011,102926,2667,9854,883,476,178,7909,768,81,56,602,188,159,203,272,162,355,163,41,40,314,150,93072,2899,29694,2350,341,164,474,206,61,59,0,29,61618,2901,884,285,693,245,191,119
86000US90012,90012,30029,1344,22225,1110,4933,686,3490,442,60,66,13012,788,204,161,50,31,476,166,148,134,328,120,7804,847,3629,429,44,32,84,64,42,36,0,23,3726,756,279,100,136,70,143,78
86000US90013,90013,10575,1226,8653,1032,2762,458,3446,950,23,29,1775,258,0,19,165,119,482,207,17,26,465,202,1922,394,623,195,7,14,87,80,8,12,0,19,999,382,198,100,126,78,72,53
86000US90014,90014,6659,662,5463,636,2807,520,1300,429,53,51,1081,175,33,53,46,57,143,84,52,64,91,58,1196,276,491,186,0,17,13,21,41,66,0,17,488,184,163,143,103,121,60,63
86000US90015,90015,18226,1057,6128,553,2107,311,1078,314,8,13,2801,469,11,17,0,19,123,73,0,19,123,73,12098,999,3670,672,86,60,209,177,23,28,15,23,7915,918,180,94,120,71,60,59
86000US90016,90016,47786,1585,22650,1008,2321,339,17554,983,109,120,1486,267,11,17,270,135,899,293,181,165,718,240,25136,1591,11297,1430,462,246,355,219,45,50,0,26,12226,1387,751,246,537,242,214,110
86000US90017,90017,23719,1116,7674,597,2950,376,1079,219,62,42,3401,417,144,204,0,23,38,29,0,23,38,29,16045,1144,4301,616,125,65,249,205,23,23,5,7,10795,1151,547,319,534,320,13,14
86000US90018,90018,48852,1601,20389,1319,2134,428,15166,1205,23,18,1652,373,0,26,686,280,728,249,80,52,648,250,28463,1593,7787,1153,535,274,734,456,0,26,0,26,18565,1439,842,366,759,357,83,57
86000US90019,90019,67606,1982,35898,1725,9653,755,14252,1174,60,51,10059,959,78,79,269,156,1527,406,79,47,1448,401,31708,1633,15500,1317,158,80,545,354,96,63,0,29,14710,1484,699,213,481,164,218,138
86000US90020,90020,39102,1364,24996,1105,4429,465,1898,407,98,98,17774,979,132,185,54,58,611,236,102,129,509,189,14106,969,5334,940,150,107,20,40,29,30,6,10,8354,995,213,119,158,101,55,44
86000US90021,90021,2913,642,1448,405,527,177,662,273,30,49,136,88,0,12,0,12,93,99,56,93,37,29,1465,420,585,247,73,109,0,12,0,12,0,12,766,293,41,53,10,16,31,50
86000US90022,90022,69516,2221,1718,299,829,182,231,133,51,54,542,190,0,29,25,31,40,31,6,9,34,34,67798,2233,47030,2361,104,55,266,162,92,84,13,18,19230,1716,1063,327,777,269,286,142
86000US90023,90023,45886,1588,1816,389,1082,343,262,150,22,22,422,135,0,26,0,26,28,29,0,26,28,29,44070,1637,22597,1637,265,250,275,190,31,49,0,26,19970,1543,932,343,540,278,392,232
86000US90024,90024,50117,2983,45563,2583,28117,1350,1379,396,79,90,13815,1860,44,42,217,195,1912,315,162,121,1750,325,4554,809,2302,540,39,32,30,27,61,43,0,29,1674,449,448,237,120,62,328,226
86000US90025,90025,45284,1430,36873,1089,24372,1039,831,271,0,26,9684,897,166,239,47,43,1773,358,107,91,1666,349,8411,1178,3878,798,42,33,570,556,22,41,0,26,3640,1241,259,125,62,50,197,117
86000US90026,90026,67986,1728,30216,1150,15815,951,1875,401,178,126,11059,800,63,48,225,177,1001,255,66,65,935,239,37770,1788,28649,1831,202,137,141,87,165,114,0,29,7809,1106,804,308,549,286,255,131
86000US90027,90027,46025,1457,36236,1390,27064,1229,1211,231,21,22,6332,702,34,42,217,132,1357,391,103,72,1254,384,9789,751,3531,485,61,69,164,159,85,66,0,26,5366,759,582,187,443,175,139,61
86000US90028,90028,29994,1214,20032,961,15038,950,1853,433,197,144,2205,425,11,19,53,47,675,171,22,37,653,177,9962,993,2928,637,112,97,87,80,78,72,59,68,6307,924,391,179,302,153,89,71
86000US90029,90029,40161,1245,16928,991,8809,824,1070,274,7,17,6281,666,0,26,119,89,642,213,50,43,592,203,23233,1319,8724,888,150,156,122,95,25,31,0,26,13528,1475,684,252,467,242,217,112
86000US90031,90031,39333,1267,12907,704,1871,271,306,130,96,99,10152,671,106,120,98,94,278,186,0,26,278,186,26426,1360,12880,1213,237,143,146,111,70,71,0,26,12361,1384,732,279,517,233,215,138
86000US90032,90032,47309,1520,8628,733,3220,468,711,297,56,47,4344,546,44,59,50,69,203,91,25,25,178,91,38681,1455,21558,1425,107,93,316,254,94,67,0,26,15793,1328,813,244,497,213,316,117
86000US90033,90033,48567,1626,4321,485,1053,227,625,237,44,45,2486,397,76,58,0,26,37,37,1,3,36,37,44246,1689,25923,1677,97,71,243,171,99,67,39,34,17111,1523,734,219,546,203,188,86
86000US90034,90034,58968,1578,41264,1349,22608,1141,4822,704,75,54,10966,817,156,128,262,181,2375,506,695,355,1680,323,17704,1406,13366,1329,230,157,66,52,74,54,66,57,2988,593,914,337,433,161,481,310
86000US90035,90035,31399,1154,28108,1136,21263,1154,2735,504,106,97,2511,494,7,13,189,196,1297,376,18,19,1279,377,3291,473,1305,328,17,27,76,117,0,26,5,9,1692,426,196,99,137,91,59,45
86000US90036,90036,36425,1054,32974,1119,22390,1074,1250,335,65,69,7636,788,101,121,149,177,1383,344,54,47,1329,337,3451,629,1493,467,70,54,11,14,8,14,0,26,1673,389,196,114,158,105,38,35
86000US90037,90037,61536,1815,14258,1082,1079,395,11882,1016,36,32,639,213,0,29,169,84,453,218,68,49,385,213,47278,1635,11271,1268,108,87,291,228,9,16,0,29,34930,1730,669,227,556,211,113,77
86000US90038,90038,28798,1220,12227,779,8303,715,1419,367,10,16,1755,353,50,82,64,43,626,178,161,109,465,153,16571,1114,3269,636,99,81,100,87,25,30,0,23,12498,1158,580,226,426,209,154,90
86000US90039,90039,27843,1000,16920,773,10537,750,631,280,16,23,4880,475,50,58,21,22,785,250,102,86,683,215,10923,808,5023,766,10,16,76,73,92,109,0,23,5358,837,364,149,171,104,193,108
86000US90040,90040,12830,464,548,164,252,119,118,116,10,16,123,110,0,19,18,21,27,25,0,19,27,25,12282,511,8873,718,0,19,48,44,0,19,0,19,2961,561,400,151,246,138,154,71
86000US90041,90041,28439,985,17908,865,8645,620,353,134,9,15,8170,777,19,24,35,44,677,260,19,21,658,259,10531,834,6807,926,50,73,100,83,146,98,0,23,2927,601,501,197,274,133,227,125
86000US90042,90042,61034,1539,19143,934,9108,727,1723,392,100,64,7090,651,72,64,45,36,1005,242,29,30,976,238,41891,1510,22641,1502,120,73,167,90,138,83,16,29,17683,1539,1126,292,580,165,546,213
86000US90043,90043,43118,1557,29894,1559,1574,432,25789,1537,82,77,674,291,31,40,254,169,1490,438,102,74,1388,430,13224,1267,5730,951,518,185,49,61,66,84,62,67,6456,1127,343,174,309,170,34,25
86000US90044,90044,88412,2496,34807,1508,1005,318,32005,1384,20,25,354,191,88,97,183,113,1152,359,202,166,950,369,53605,2204,24959,2199,568,254,205,121,0,29,8,14,26929,1915,936,325,469,218,467,237
86000US90045,90045,41453,1420,34334,1306,21224,909,5667,783,102,63,5220,698,98,75,112,85,1911,373,98,84,1813,368,7119,867,4304,694,89,69,73,65,114,125,0,26,1868,537,671,279,226,132,445,258
86000US90046,90046,51329,1370,46208,1308,38513,1315,2024,432,150,151,2886,633,70,60,348,209,2217,419,169,123,2048,403,5121,655,2527,435,37,37,51,55,46,36,7,12,1693,422,760,326,503,286,257,140
86000US90047,90047,46999,1769,32367,1295,556,208,30500,1285,27,32,317,237,79,92,125,83,763,300,90,84,673,299,14632,1251,7009,1192,416,282,124,102,0,26,0,26,6763,1052,320,204,151,144,169,133
86000US90048,90048,22409,1031,20744,1032,17381,1016,505,190,10,12,2124,427,8,14,28,35,688,189,141,120,547,157,1665,371,944,225,43,64,0,23,3,5,0,23,558,244,117,70,59,68,58,62
86000US90049,90049,35262,1001,32961,946,28254,988,261,112,20,23,3195,450,16,18,16,24,1199,269,52,60,1147,269,2301,387,1805,349,6,8,0,26,5,9,0,26,318,127,167,85,52,51,115,63
86000US90056,90056,8380,696,7959,637,1007,217,6256,658,71,116,235,148,85,103,0,17,305,168,0,17,305,168,421,192,1,2,99,93,16,26,0,17,0,17,243,200,62,73,45,68,17,27
86000US90057,90057,45747,1704,13763,783,2168,341,2182,345,46,38,9009,719,22,25,82,57,254,116,25,39,229,105,31984,1811,8451,1023,95,74,227,171,18,30,9,15,22858,1685,326,112,290,104,36,45
86000US90058,90058,2748,481,602,247,55,24,320,193,0,12,227,147,0,12,0,12,0,12,0,12,0,12,2146,440,917,319,83,84,0,12,0,12,0,12,1122,436,24,31,14,17,10,15
86000US90059,90059,42470,2002,15059,1197,407,207,13845,1229,120,146,287,172,87,131,204,228,109,67,12,18,97,65,27411,1798,15814,1606,154,92,59,70,0,26,0,26,10343,1261,1041,303,580,246,461,253
86000US90061,90061,28641,1453,10957,761,307,158,10411,766,7,16,38,42,0,23,71,111,123,75,14,20,109,73,17684,1321,9715,1121,168,138,108,80,0,23,0,23,7196,1067,497,265,387,248,110,96
86000US90062,90062,32675,1763,12900,1047,359,173,11462,1002,2,7,270,107,40,47,496,321,271,134,36,30,235,128,19775,1477,4869,911,328,182,92,142,0,26,0,26,14114,1437,372,190,285,161,87,86
86000US90063,90063,54353,1855,1730,300,562,176,162,123,30,29,685,250,38,38,121,97,132,81,9,13,123,80,52623,1858,23674,1609,152,114,111,70,30,28,5,9,28154,1906,497,218,332,166,165,136
86000US90064,90064,25788,998,22165,991,15611,857,729,229,9,12,4850,555,29,44,133,131,804,208,53,49,751,210,3623,563,2761,560,36,52,32,41,12,21,0,23,600,255,182,117,160,109,22,26
86000US90065,90065,46254,1485,17206,1199,8867,714,636,233,56,57,6547,716,44,48,118,107,938,290,17,20,921,291,29048,1251,12858,1142,133,81,225,168,232,133,76,116,14816,1368,708,238,374,158,334,170
86000US90066,90066,58337,1300,40352,1260,26968,1132,2730,477,185,95,8260,811,77,72,196,137,1936,331,65,40,1871,330,17985,1278,9701,1204,154,104,1272,532,67,66,0,29,5627,1169,1164,357,671,278,493,203
86000US90067,90067,2364,376,2332,377,1929,395,6,11,0,12,284,142,28,46,32,15,53,60,0,12,53,60,32,29,32,29,0,12,0,12,0,12,0,12,0,12,0,12,0,12,0,12
86000US90068,90068,21943,958,19836,858,15803,850,1168,355,107,93,1695,418,0,23,83,55,980,277,30,44,950,274,2107,386,1123,266,0,23,50,62,31,34,0,23,563,237,340,204,276,168,64,81
86000US90069,90069,20426,997,17602,915,14901,831,619,306,20,32,1049,304,0,23,132,93,881,278,67,73,814,259,2824,500,1087,283,41,48,25,41,18,29,27,43,939,422,687,345,534,310,153,141
86000US90071,90071,0,12,0,12,0,12,0,12,0,12,0,12,0,12,0,12,0,12,0,12,0,12,0,12,0,12,0,12,0,12,0,12,0,12,0,12,0,12,0,12,0,12
86000US90073,90073,801,300,655,245,334,137,259,163,0,12,16,27,2,4,8,18,36,70,0,12,36,70,146,132,78,101,0,12,0,12,0,12,0,12,60,58,8,19,0,12,8,19
86000US90077,90077,8328,675,7769,629,6826,626,99,74,0,17,591,146,0,17,14,23,239,136,13,20,226,132,559,283,440,301,33,52,0,17,0,17,0,17,30,39,56,63,36,55,20,32
86000US90079,90079,0,12,0,12,0,12,0,12,0,12,0,12,0,12,0,12,0,12,0,12,0,12,0,12,0,12,0,12,0,12,0,12,0,12,0,12,0,12,0,12,0,12
86000US90089,90089,3326,1082,2968,908,1588,647,70,51,4,8,1097,281,6,11,33,43,170,64,35,32,135,59,358,209,110,71,0,12,0,12,0,12,0,12,184,117,64,82,59,81,5,8
86000US90090,90090,0,12,0,12,0,12,0,12,0,12,0,12,0,12,0,12,0,12,0,12,0,12,0,12,0,12,0,12,0,12,0,12,0,12,0,12,0,12,0,12,0,12
86000US90094,90094,6062,610,5585,592,2699,459,822,221,0,17,1668,497,0,17,0,17,396,265,0,17,396,265,477,259,250,131,19,29,0,17,0,17,0,17,45,52,163,170,146,168,17,28
86000US90095,90095,0,12,0,12,0,12,0,12,0,12,0,12,0,12,0,12,0,12,0,12,0,12,0,12,0,12,0,12,0,12,0,12,0,12,0,12,0,12,0,12,0,12
86000US90201,90201,102515,145,4740,663,3092,524,698,255,108,81,653,267,52,54,46,47,91,70,0,29,91,70,97775,683,68521,1784,446,189,235,111,18,20,10,15,27108,1850,1437,337,844,252,593,218
86000US90210,90210,21478,886,20038,803,17688,847,251,122,33,44,1439,321,0,23,30,28,597,245,49,47,548,235,1440,379,826,272,0,23,0,23,0,23,0,23,466,253,148,146,140,147,8,16
86000US90211,90211,8080,518,7604,487,6327,489,125,120,8,14,958,268,10,15,0,17,176,99,0,17,176,99,476,218,293,150,0,17,0,17,0,17,0,17,106,126,77,77,77,77,0,17
86000US90212,90212,12415,589,11619,607,9087,651,295,161,0,19,1328,376,31,51,32,54,846,390,142,142,704,373,796,255,578,254,27,39,13,22,0,19,0,19,108,96,70,85,0,19,70,85
86000US90220,90220,50222,1491,21334,1114,1086,279,18904,1107,78,91,482,243,133,141,101,75,550,230,33,38,517,235,28888,1489,16174,1678,201,122,89,100,0,26,0,26,11423,1298,1001,370,775,323,226,148
86000US90221,90221,53657,1557,12547,1070,605,243,11296,1020,49,65,272,169,48,77,38,53,239,146,0,29,239,146,41110,1493,21664,1769,249,147,205,202,19,30,12,18,17820,1607,1141,332,741,258,400,255
86000US90222,90222,32362,1634,10496,906,190,92,9469,793,40,41,82,76,184,230,159,180,372,227,15,11,357,223,21866,1480,12613,1389,99,69,21,36,114,142,0,26,8570,1171,449,308,129,118,320,286
86000US90230,90230,33090,1198,21834,968,12657,887,2295,600,19,27,5298,624,34,34,369,224,1162,283,109,117,1053,251,11256,985,7278,918,49,55,242,270,15,21,0,26,3307,859,365,155,221,103,144,108
86000US90232,90232,15353,900,10917,531,7273,550,1170,372,0,19,1826,305,14,24,29,50,605,183,0,19,605,183,4436,934,3818,957,60,71,6,9,37,36,0,19,423,179,92,62,41,41,51,48
86000US90240,90240,26287,1111,7698,560,5202,509,671,450,0,23,1652,361,0,23,25,26,148,123,36,42,112,120,18589,1255,13957,1420,7,11,0,23,133,154,0,23,3953,991,539,375,325,305,214,204
86000US90241,90241,43596,1440,12488,932,7399,706,1276,410,40,36,3041,568,12,21,105,141,615,248,33,40,582,239,31108,1372,18903,1694,132,149,27,29,90,99,0,26,11108,1488,848,322,690,284,158,101
86000US90242,90242,43199,1405,11738,985,6095,898,2064,479,144,176,2865,626,169,210,41,49,360,167,121,117,239,121,31461,1538,17366,1684,101,104,102,111,15,25,14,23,12972,1727,891,261,595,241,296,198
86000US90245,90245,16839,100,13835,476,11443,601,215,103,27,32,1052,224,201,286,17,25,880,365,0,19,880,365,3004,464,2439,422,11,18,54,43,0,19,30,48,205,138,265,180,126,138,139,122
86000US90247,90247,47374,1201,26169,1011,2849,530,9697,1008,34,30,12319,821,313,329,111,114,846,254,114,113,732,214,21205,1089,8560,890,130,74,147,131,185,99,0,26,11367,1245,816,313,586,265,230,129
86000US90248,90248,9936,854,5748,561,919,148,1517,491,14,24,2957,334,14,16,5,7,322,147,0,17,322,147,4188,718,2166,412,38,49,72,114,111,88,0,17,1763,649,38,32,32,31,6,10
86000US90249,90249,27451,1119,17549,861,3925,515,7675,842,52,59,4530,570,97,99,400,347,870,380,0,23,870,380,9902,1071,3484,576,148,95,17,22,106,69,71,81,5713,1040,363,159,203,129,160,90
86000US90250,90250,95223,1147,44504,1713,11103,1037,22228,1426,61,46,6394,909,640,356,325,189,3753,749,110,93,3643,745,50719,1834,34039,1974,485,233,295,172,193,127,0,29,11040,1453,4667,977,809,295,3858,1011
86000US90254,90254,19725,29,18034,361,15857,512,257,182,101,110,1119,242,0,19,79,55,621,226,0,19,621,226,1691,358,1396,341,0,19,0,19,0,19,0,19,76,68,219,170,119,118,100,107
86000US90255,90255,76206,777,1961,381,763,194,195,98,63,54,658,243,158,192,49,39,75,49,8,12,67,48,74245,877,52380,1605,147,107,241,152,65,93,16,20,20508,1426,888,230,470,188,418,177
86000US90260,90260,35854,641,13353,873,5675,680,2360,476,20,24,3778,543,250,282,81,68,1189,402,73,60,1116,396,22501,975,13953,1249,109,93,236,194,331,339,0,26,5619,1092,2253,618,452,205,1801,616
86000US90262,90262,70650,191,7945,741,1428,261,5763,679,48,65,441,160,8,11,103,105,154,88,46,46,108,82,62705,754,27231,2057,351,198,256,163,41,40,0,29,34041,2037,785,291,461,235,324,155
86000US90263,90263,1987,378,1607,279,919,229,74,55,9,13,442,115,3,7,8,14,152,108,0,12,152,108,380,146,146,49,0,12,4,8,5,9,0,12,166,96,59,64,23,38,36,52
86000US90265,90265,17660,415,16234,515,14443,564,333,170,28,32,832,228,9,14,4,7,585,225,0,19,585,225,1426,324,770,239,0,19,12,18,25,31,0,19,485,187,134,110,68,75,66,82
86000US90266,90266,35534,42,32600,607,27588,682,224,126,94,87,3192,372,16,23,72,61,1414,369,87,131,1327,330,2934,607,1780,362,0,26,13,19,1,3,0,26,438,205,702,334,659,333,43,36
86000US90270,90270,27663,65,575,144,400,127,100,68,4,6,29,33,16,21,11,17,15,17,0,23,15,17,27088,158,21805,760,38,46,74,65,0,23,0,23,4976,762,195,104,153,96,42,35
86000US90272,90272,23497,860,22445,883,20001,836,297,226,75,59,1279,307,17,26,8,13,768,232,0,23,768,232,1052,327,928,301,0,23,1,2,16,25,0,23,35,35,72,86,0,23,72,86
86000US90274,90274,25482,297,24185,381,16855,630,614,282,72,64,5600,509,9,14,80,60,955,224,56,49,899,216,1297,304,956,271,52,52,0,23,64,79,0,23,152,86,73,47,29,26,44,34
86000US90275,90275,42420,94,39114,582,23885,875,1085,327,82,81,11854,729,80,110,218,214,1910,507,168,198,1742,459,3306,561,2347,540,27,33,0,26,47,47,0,26,516,268,369,137,258,127,111,68
86000US90277,90277,34546,1089,29538,1129,24103,1081,686,311,61,61,3545,402,10,15,77,75,1056,310,0,26,1056,310,5008,730,3095,580,51,48,56,66,47,61,0,26,1334,529,425,183,234,160,191,98
86000US90278,90278,40839,910,33158,1013,23845,1050,1386,615,79,61,5358,502,70,69,191,85,2229,524,53,50,2176,519,7681,903,5277,867,11,17,0,26,149,118,14,25,1702,548,528,249,275,187,253,136
86000US90280,90280,95515,30,4223,516,2700,348,568,209,11,15,733,314,68,72,66,53,77,49,0,29,77,49,91292,521,44028,2354,318,151,301,153,45,36,22,24,45145,2320,1433,425,1018,357,415,199
86000US90290,90290,6902,657,6205,659,5701,671,40,49,17,29,138,106,13,21,45,55,251,180,13,23,238,172,697,333,409,230,61,79,0,17,0,17,0,17,197,232,30,39,0,17,30,39
86000US90291,90291,27803,754,22846,883,18656,827,1385,377,25,22,1435,336,49,47,48,50,1248,314,13,20,1235,314,4957,614,3579,605,98,72,107,124,0,23,0,23,982,261,191,95,93,79,98,53
86000US90292,90292,21507,1219,19565,1212,15839,1220,1027,402,0,23,1721,396,157,134,179,209,642,323,14,23,628,321,1942,400,1386,364,0,23,38,54,16,28,0,23,415,209,87,79,33,33,54,72
86000US90293,90293,11997,690,10123,736,7188,613,985,351,34,27,1429,407,0,19,22,32,465,195,0,19,465,195,1874,488,1105,367,0,19,0,19,0,19,0,19,611,337,158,126,105,107,53,52
86000US90301,90301,36714,1157,13692,955,1512,289,10822,805,10,14,572,184,67,81,133,91,576,247,14,22,562,239,23022,1136,11344,1189,256,150,215,191,37,55,7,12,10263,1296,900,343,477,225,423,299
86000US90302,90302,30219,1063,17358,963,1486,315,14578,1047,19,29,393,178,171,156,71,72,640,266,45,65,595,250,12861,971,6967,980,185,116,271,213,0,26,0,26,4931,817,507,331,284,154,223,251
86000US90303,90303,26453,920,9795,698,315,116,8596,602,18,20,193,189,132,134,26,31,515,235,15,14,500,234,16658,984,6867,883,228,157,29,28,0,23,0,23,9343,1001,191,117,80,82,111,77
86000US90304,90304,26936,1286,2371,511,695,220,1105,347,121,161,391,225,14,23,22,42,23,23,0,23,23,23,24565,1288,10281,1122,428,421,152,130,0,23,0,23,13298,1312,406,334,136,114,270,280
86000US90305,90305,15501,1085,13724,685,311,190,12648,677,44,48,141,65,61,66,90,82,429,238,0,19,429,238,1777,848,1190,838,18,21,11,17,0,19,0,19,553,299,5,11,0,19,5,11
86000US90401,90401,7035,581,5905,474,4541,451,298,172,8,15,732,201,0,17,14,21,312,152,0,17,312,152,1130,397,872,368,0,17,0,17,0,17,0,17,98,74,160,151,26,28,134,141
86000US90402,90402,11503,801,10852,838,9566,801,150,88,0,19,624,176,0,19,91,104,421,174,0,19,421,174,651,259,566,248,0,19,0,19,0,19,0,19,22,28,63,62,34,39,29,35
86000US90403,90403,25116,794,23223,811,19730,739,569,264,30,48,2191,382,60,82,0,23,643,191,34,40,609,184,1893,351,1543,318,19,31,51,138,15,24,0,23,115,68,150,99,57,55,93,78
86000US90404,90404,21641,755,15997,748,11117,629,1442,285,0,23,2563,360,9,20,56,49,810,237,15,25,795,234,5644,623,4440,564,42,45,103,123,0,23,0,23,880,375,179,86,54,45,125,84
86000US90405,90405,28535,853,24403,780,19170,869,1121,425,0,23,2834,481,10,18,26,37,1242,327,28,32,1214,328,4132,527,3355,538,10,16,30,34,20,32,0,23,483,238,234,146,95,99,139,112
86000US90501,90501,43407,1310,24658,1064,10334,787,2592,579,110,114,10115,754,250,216,19,31,1238,335,122,91,1116,322,18749,1367,7589,1119,51,93,53,66,87,53,40,64,9545,1601,1384,433,871,396,513,233
86000US90502,90502,17135,1058,11247,1025,3040,487,1497,444,14,17,5373,731,801,727,49,47,473,234,11,17,462,235,5888,753,3169,740,15,23,33,42,11,14,0,19,2198,748,462,262,101,110,361,246
86000US90503,90503,45518,1060,40166,1080,18841,930,1384,496,106,62,17492,996,139,173,201,130,2003,585,233,144,1770,548,5352,809,3209,594,47,53,73,79,166,165,0,26,1301,480,556,223,372,200,184,92
86000US90504,90504,32777,910,26154,864,9465,706,1151,409,55,55,13221,868,69,75,246,152,1947,447,287,225,1660,430,6623,693,3631,661,99,118,43,71,280,154,0,26,1694,536,876,311,394,176,482,255
86000US90505,90505,37381,842,33017,911,18659,972,640,325,52,52,11669,946,40,37,78,64,1879,429,44,45,1835,423,4364,679,2901,650,12,19,82,106,93,70,15,17,663,273,598,256,450,234,148,88
86000US90506,90506,0,12,0,12,0,12,0,12,0,12,0,12,0,12,0,12,0,12,0,12,0,12,0,12,0,12,0,12,0,12,0,12,0,12,0,12,0,12,0,12,0,12
86000US90601,90601,34143,1444,9539,819,6628,727,333,263,45,41,2058,311,0,26,172,174,303,140,8,14,295,141,24604,1420,12300,1189,147,145,6,10,157,110,0,26,11360,1235,634,245,317,155,317,169
86000US90602,90602,26676,1078,6564,695,5192,597,318,158,76,88,659,198,10,12,0,23,309,191,105,134,204,118,20112,1077,8308,850,62,47,115,108,13,22,0,23,11430,1126,184,78,109,63,75,52
86000US90603,90603,20475,946,9325,751,7857,757,135,84,9,19,914,315,46,58,26,40,338,189,13,20,325,188,11150,945,6247,898,67,92,42,72,135,137,0,23,3745,797,914,355,708,323,206,158
86000US90604,90604,39541,1096,13964,752,10618,678,217,104,157,97,2085,384,0,26,301,283,586,217,18,27,568,217,25577,1233,15125,1064,5,9,253,150,85,97,33,51,8917,1197,1159,358,823,345,336,178
86000US90605,90605,42103,1370,9561,734,6634,512,288,151,152,91,1637,452,27,43,203,168,620,251,25,28,595,258,32542,1218,17381,1283,128,139,307,166,8,13,13,19,13754,1490,951,349,654,300,297,158
86000US90606,90606,32978,1279,4276,558,3077,379,281,191,209,159,537,218,20,23,19,22,133,89,7,13,126,88,28702,1222,13421,1447,70,71,230,154,51,67,0,26,14187,1620,743,313,571,288,172,131
86000US90623,90623,15767,79,13191,408,4501,542,794,261,117,110,7252,716,112,136,0,19,415,157,34,34,381,148,2576,416,2154,387,22,34,0,19,85,93,0,19,211,117,104,79,85,76,19,22
86000US90630,90630,48844,160,39795,681,20865,957,1405,421,122,138,15620,867,168,128,108,108,1507,275,39,31,1468,274,9049,691,7407,758,9,16,106,87,103,68,0,26,974,316,450,180,158,91,292,152
86000US90631,90631,68899,498,30191,1137,21891,960,634,212,138,71,6275,798,62,51,149,108,1042,255,50,42,992,256,38708,1130,20347,1247,41,28,166,122,81,63,26,29,16019,1444,2028,557,1421,441,607,263
86000US90638,90638,49543,347,29336,803,17427,761,1057,324,157,95,9404,715,100,94,86,63,1105,279,198,174,907,234,20207,852,10561,1103,87,64,131,96,26,26,7,10,8360,1195,1035,282,710,243,325,163
86000US90640,90640,63400,140,15187,998,5939,676,650,280,124,99,7953,726,61,68,64,84,396,168,0,29,396,168,48213,1005,36354,1603,150,144,453,209,80,69,0,29,10107,1273,1069,285,611,200,458,205
86000US90650,90650,106521,79,31624,1326,12357,837,4101,611,394,184,13525,1081,243,207,217,166,787,188,83,65,704,185,74897,1314,44739,2038,378,299,574,280,268,188,15,21,26608,1964,2315,578,1273,380,1042,413
86000US90660,90660,63686,83,5800,632,3070,423,503,247,279,192,1675,372,37,28,28,32,208,109,0,29,208,109,57886,635,28612,1861,264,131,209,116,105,110,16,24,27413,1979,1267,336,983,299,284,182
86000US90670,90670,15594,293,3343,476,1753,350,618,327,55,67,787,404,0,19,20,40,110,84,0,19,110,84,12251,502,7481,932,40,41,202,124,0,19,0,19,3810,996,718,258,570,240,148,96
86000US90701,90701,16698,43,10334,639,3250,504,627,360,79,121,6012,634,0,19,13,20,353,171,150,140,203,110,6364,638,3410,889,1,7,48,59,36,39,0,19,2549,784,320,185,222,164,98,84
86000US90703,90703,50069,314,43756,477,8019,515,3513,543,109,73,30549,679,121,112,195,157,1250,315,305,209,945,261,6313,583,3735,577,110,86,27,23,132,90,0,26,2075,348,234,127,213,125,21,21
86000US90704,90704,3952,81,1193,255,1097,245,10,16,10,16,18,27,0,12,0,12,58,64,0,12,58,64,2759,256,2212,296,15,25,0,12,0,12,0,12,263,169,269,158,0,12,269,158
86000US90706,90706,77455,87,35453,1184,14769,959,10589,888,145,99,8503,829,160,140,230,178,1057,310,50,68,1007,305,42002,1193,17054,1430,429,203,236,167,68,62,16,28,22271,1682,1928,477,1531,419,397,190
86000US90710,90710,27550,917,14327,887,5423,564,2790,525,9,14,4452,532,280,237,12,19,1361,403,75,75,1286,394,13223,963,8761,1053,85,120,116,95,60,63,0,23,2851,650,1350,451,185,87,1165,438
86000US90712,90712,32015,753,21308,819,11643,628,2673,499,119,74,4626,681,644,405,305,241,1298,315,74,64,1224,311,10707,685,5715,740,47,55,148,94,111,76,7,11,3899,773,780,233,532,193,248,130
86000US90713,90713,28411,744,20476,840,15201,755,1106,321,36,28,2842,412,161,168,67,89,1063,237,73,67,990,238,7935,725,3592,617,29,42,74,94,66,37,35,42,3458,665,681,273,266,176,415,190
86000US90715,90715,20283,703,12075,737,3960,457,1707,343,37,40,5576,562,55,56,83,95,657,330,20,27,637,325,8208,810,3048,666,33,41,74,68,58,72,0,23,4483,622,512,192,406,175,106,78
86000US90716,90716,14358,67,3691,459,1349,370,497,223,10,15,1686,307,0,19,28,45,121,97,6,10,115,96,10667,466,7654,842,0,19,118,122,0,19,21,33,2766,638,108,93,96,89,12,20
86000US90717,90717,21612,398,13768,778,8395,805,583,247,51,47,3296,608,135,113,0,23,1308,510,22,25,1286,512,7844,839,4743,886,17,28,0,23,116,179,92,108,1610,496,1266,454,130,91,1136,448
86000US90723,90723,54813,46,11004,941,3011,461,5514,778,57,94,1527,385,487,357,5,9,403,204,11,13,392,203,43809,932,20623,1513,130,68,322,208,56,47,0,29,21646,1545,1032,366,825,308,207,150
86000US90731,90731,62348,2098,29315,1489,19661,1374,4041,754,160,117,2779,644,331,286,90,67,2253,478,0,29,2253,478,33033,1916,22670,1539,413,252,339,197,393,247,20,23,6628,962,2570,713,1044,392,1526,600
86000US90732,90732,19810,767,14671,647,11274,628,477,157,61,57,1771,310,8,13,52,46,1028,265,81,98,947,256,5139,647,3561,592,62,63,22,23,18,25,0,19,986,363,490,191,296,179,194,120
86000US90740,90740,24288,173,20901,498,17933,613,131,91,31,28,2163,279,18,21,25,28,600,154,11,17,589,149,3387,476,1768,313,51,57,19,22,38,37,0,23,1064,375,447,211,272,169,175,128
86000US90744,90744,58061,1433,6083,796,2638,461,1296,346,172,121,1281,367,429,301,1,3,266,106,5,7,261,106,51978,1658,39402,1884,208,181,1611,447,169,108,59,67,9306,1161,1223,372,496,214,727,284
86000US90745,90745,57727,1022,32793,1248,4658,577,4104,766,79,55,20616,1244,1375,487,29,34,1932,486,39,59,1893,477,24934,1278,14851,1410,106,54,244,194,273,141,92,97,6067,902,3301,798,468,182,2833,798
86000US90746,90746,26738,967,20421,1163,1294,326,14441,1186,40,61,2001,417,427,421,54,48,2164,730,87,68,2077,716,6317,689,3256,714,198,106,86,69,3,4,0,23,1442,360,1332,464,137,101,1195,458
86000US90747,90747,0,12,0,12,0,12,0,12,0,12,0,12,0,12,0,12,0,12,0,12,0,12,0,12,0,12,0,12,0,12,0,12,0,12,0,12,0,12,0,12,0,12
86000US90755,90755,11400,155,7846,598,3111,398,1456,405,37,41,2553,725,62,58,19,26,608,309,35,40,573,308,3554,617,2550,480,15,26,0,19,0,19,0,19,618,349,371,218,110,90,261,205
86000US90802,90802,38816,1228,24485,1095,13171,905,6399,698,123,102,3473,606,213,191,50,40,1056,346,166,225,890,234,14331,1119,8490,1149,294,173,99,63,81,61,0,26,4493,939,874,239,401,154,473,177
86000US90803,90803,30805,995,26080,939,22366,918,788,256,17,26,1916,489,44,44,91,94,858,253,32,35,826,247,4725,666,3643,582,6,10,121,98,12,14,0,26,712,272,231,115,140,82,91,89
86000US90804,90804,40679,1221,21877,1155,10359,769,4797,621,67,46,5326,724,148,168,8,13,1172,315,15,16,1157,313,18802,1238,13906,1234,155,153,349,265,75,75,0,26,3570,655,747,299,362,166,385,259
86000US90805,90805,94561,1671,42572,1495,8215,697,19337,1231,293,162,10978,870,1134,598,503,240,2112,473,55,43,2057,469,51989,1704,23032,1930,401,323,478,205,70,49,29,33,24396,2234,3583,760,1558,462,2025,547
86000US90806,90806,43140,1469,21371,1443,3733,436,6932,977,269,182,7160,869,800,402,43,41,2434,840,84,106,2350,847,21769,1448,14425,1398,69,59,472,340,254,179,15,26,4754,963,1780,536,584,236,1196,455
86000US90807,90807,33726,1232,25090,1251,11458,773,5910,1071,97,91,6262,850,197,237,53,56,1113,310,124,93,989,322,8636,823,3512,618,37,43,40,46,69,48,0,26,3727,719,1251,466,445,221,806,421
86000US90808,90808,39834,951,30590,1006,23338,860,1698,539,106,89,3635,552,65,91,77,53,1671,371,64,57,1607,373,9244,783,5742,708,0,26,169,117,78,56,65,77,2453,583,737,292,316,143,421,301
86000US90810,90810,36736,1304,18386,1169,2158,377,4327,697,139,160,8409,812,1584,706,94,59,1675,413,58,63,1617,407,18350,1266,13207,1202,42,33,518,403,162,144,64,67,3174,599,1183,380,270,147,913,351
86000US90813,90813,60017,1538,19942,1159,3080,384,6218,782,33,50,8631,933,98,102,58,44,1824,362,34,31,1790,352,40075,1611,28641,1520,569,356,1045,487,118,105,0,29,7135,984,2567,689,369,171,2198,696
86000US90814,90814,18789,904,13813,772,10827,649,1117,292,44,42,1126,327,0,19,50,58,649,222,0,19,649,222,4976,820,3560,744,50,53,36,40,0,19,142,203,1051,389,137,79,40,52,97,60
86000US90815,90815,40572,1076,32784,955,24432,893,2031,492,113,78,4330,517,218,210,87,65,1573,345,85,105,1488,324,7788,703,5344,676,81,76,68,51,71,45,6,9,1409,365,809,284,372,213,437,195
86000US90822,90822,169,97,145,85,101,64,11,12,0,12,11,17,0,12,0,12,22,38,0,12,22,38,24,32,6,8,0,12,0,12,1,2,0,12,15,32,2,4,0,12,2,4
86000US90831,90831,0,12,0,12,0,12,0,12,0,12,0,12,0,12,0,12,0,12,0,12,0,12,0,12,0,12,0,12,0,12,0,12,0,12,0,12,0,12,0,12,0,12
86000US91001,91001,37481,1372,26022,926,13615,767,8869,704,13,18,1990,383,5,8,156,130,1374,340,13,20,1361,342,11459,1066,8230,1056,256,156,107,177,21,26,6,9,2401,529,438,161,267,126,171,95
86000US91006,91006,32392,799,27341,897,8817,687,158,117,84,71,17568,733,10,15,37,36,667,211,29,32,638,209,5051,649,2716,488,12,20,7,11,90,92,14,22,1961,496,251,165,95,116,156,118
86000US91007,91007,34198,781,30056,914,8110,571,698,373,97,101,19783,839,73,113,189,151,1106,452,98,124,1008,428,4142,692,2054,449,0,26,20,29,121,80,0,26,1837,503,110,92,0,26,110,92
86000US91008,91008,1149,178,999,131,648,112,24,21,3,4,297,83,0,12,0,12,27,20,0,12,27,20,150,78,101,50,0,12,2,4,0,12,0,12,43,59,4,4,4,4,0,12
86000US91010,91010,25797,482,13058,839,6532,650,1929,452,66,52,3845,570,0,23,34,42,652,229,55,57,597,214,12739,877,6772,802,35,48,112,91,83,61,11,19,5258,972,468,248,388,238,80,47
86000US91011,91011,20671,163,19257,420,12917,482,43,49,8,14,5709,442,0,23,37,56,543,201,0,23,543,201,1414,381,1201,383,0,23,0,23,0,23,0,23,92,63,121,94,121,94,0,23
86000US91016,91016,42235,710,25099,1025,16459,972,2345,599,91,72,5083,508,9,14,97,85,1015,358,7,12,1008,358,17136,1049,8889,1126,180,147,84,92,66,63,0,26,7022,1030,895,350,365,193,530,299
86000US91020,91020,9249,761,7779,776,4542,562,102,60,54,67,2717,511,117,183,10,18,237,134,14,22,223,128,1470,512,973,439,16,24,0,17,0,17,0,17,411,268,70,62,70,62,0,17
86000US91024,91024,11060,52,9475,335,7726,385,169,110,6,10,1166,263,46,69,44,45,318,137,23,30,295,133,1585,335,648,273,0,19,0,19,0,19,0,19,818,343,119,116,102,112,17,32
86000US91030,91030,25914,36,20360,569,10574,627,547,217,48,56,7978,653,43,48,76,60,1094,342,56,63,1038,336,5554,569,3638,689,0,23,53,67,57,56,0,23,1157,375,649,332,454,315,195,117
86000US91040,91040,20017,917,14672,825,12359,826,259,176,12,17,1573,373,0,19,60,54,409,248,28,32,381,247,5345,640,4216,646,9,13,27,30,45,53,0,19,785,289,263,149,140,104,123,104
86000US91042,91042,28126,1192,20582,1020,16202,1022,763,292,88,85,2439,433,143,181,78,93,869,265,62,99,807,258,7544,901,3870,719,0,23,10,13,0,23,14,20,3392,763,258,137,126,83,132,127
86000US91046,91046,168,67,168,67,130,58,0,12,0,12,38,47,0,12,0,12,0,12,0,12,0,12,0,12,0,12,0,12,0,12,0,12,0,12,0,12,0,12,0,12,0,12
86000US91101,91101,21098,951,15708,889,8517,716,1683,517,25,33,4769,725,27,29,47,41,640,207,16,25,624,195,5390,781,3996,650,24,27,45,57,141,215,0,23,897,435,287,195,178,160,109,99
86000US91103,91103,27684,1230,13718,873,5510,563,5541,675,7,15,2112,474,23,30,18,27,507,219,25,28,482,216,13966,1145,9459,1320,151,90,17,29,8,13,0,23,4109,893,222,90,136,82,86,59
86000US91104,91104,38421,1360,23467,1246,15410,1031,4072,707,7,11,2891,650,22,34,52,50,1013,264,72,57,941,260,14954,879,11257,928,260,150,9,12,60,42,0,26,2594,786,774,312,332,167,442,275
86000US91105,91105,11373,597,9630,596,6804,560,563,234,3,9,1889,298,0,19,63,47,308,145,0,19,308,145,1743,339,1141,228,0,19,83,89,11,17,0,19,438,245,70,107,65,105,5,9
86000US91106,91106,24861,1173,17315,1035,9907,815,1200,309,33,38,4977,612,21,34,399,307,778,284,31,52,747,279,7546,1068,5137,784,43,59,80,92,43,63,12,18,1970,845,261,157,107,84,154,123
86000US91107,91107,31828,1056,24565,927,14768,872,2042,441,36,28,6750,559,0,26,64,63,905,216,43,44,862,215,7263,723,4975,700,29,29,74,81,73,43,0,26,1771,484,341,124,205,80,136,94
86000US91108,91108,13613,280,12304,554,5258,597,17,41,0,19,6675,466,43,54,113,101,198,93,0,19,198,93,1309,432,728,273,0,19,11,18,15,21,0,19,529,413,26,45,26,45,0,19
86000US91201,91201,22985,796,19094,869,16018,966,349,223,17,31,2312,464,0,23,7,11,391,138,82,67,309,145,3891,639,2201,520,31,34,67,101,14,21,0,23,1326,623,252,121,172,104,80,61
86000US91202,91202,23007,895,20783,963,16367,978,244,133,77,101,3297,425,10,15,34,53,754,229,101,89,653,194,2224,322,1536,297,0,23,5,11,36,41,0,23,440,184,207,104,112,65,95,85
86000US91203,91203,13740,740,10952,654,8029,669,46,32,0,19,2513,377,0,19,15,25,349,162,17,16,332,155,2788,462,1869,409,0,19,0,19,0,19,0,19,860,388,59,69,18,27,41,64
86000US91204,91204,16292,764,10774,728,7150,619,397,192,104,127,2698,387,0,19,47,75,378,188,32,42,346,186,5518,761,3692,644,10,15,14,21,45,43,0,19,1598,517,159,95,108,86,51,49
86000US91205,91205,38138,1154,28444,1132,22365,1207,565,211,29,29,4816,485,0,26,126,101,543,164,62,47,481,156,9694,954,6557,801,173,97,85,71,88,69,0,26,2340,497,451,186,225,112,226,140
86000US91206,91206,33706,990,28793,1091,22116,1029,272,140,28,35,5450,608,79,74,6,9,842,228,80,87,762,220,4913,565,2995,563,72,91,0,26,164,163,0,26,1286,500,396,233,125,114,271,196
86000US91207,91207,10334,790,9340,714,7403,682,7,6,11,19,1441,334,0,19,0,19,478,281,171,174,307,195,994,513,771,503,0,19,49,76,0,19,0,19,132,93,42,36,42,36,0,19
86000US91208,91208,16548,836,15022,839,11460,853,100,114,86,92,2975,598,0,19,0,19,401,291,0,19,401,291,1526,297,1205,343,10,19,16,25,25,39,0,19,224,166,46,58,15,30,31,49
86000US91210,91210,614,293,563,282,519,287,13,21,0,12,31,26,0,12,0,12,0,12,0,12,0,12,51,57,51,57,0,12,0,12,0,12,0,12,0,12,0,12,0,12,0,12
86000US91214,91214,31078,918,27420,894,17887,716,109,110,100,76,8610,824,0,26,0,26,714,214,0,26,714,214,3658,509,2027,503,6,10,0,26,14,24,0,26,1074,314,537,188,469,180,68,63
86000US91301,91301,26439,718,23159,1001,20320,966,381,226,22,25,1753,338,32,51,49,50,602,223,27,32,575,223,3280,729,2106,595,0,23,0,23,29,33,0,23,827,598,318,226,237,216,81,59
86000US91302,91302,25165,622,23603,751,19523,889,510,311,24,38,2230,430,9,14,11,16,1296,401,7,11,1289,398,1562,425,1326,399,0,23,0,23,16,21,0,23,163,95,57,48,41,45,16,19
86000US91303,91303,27827,986,10478,611,5901,457,1036,341,31,35,3011,509,33,39,15,23,451,183,49,82,402,167,17349,1050,12434,1188,26,24,91,78,23,26,23,46,4393,996,359,214,113,60,246,201
86000US91304,91304,53517,1734,30504,1186,18541,1044,1887,463,265,172,8377,932,52,69,65,91,1317,448,66,67,1251,442,23013,1480,7845,1102,70,79,91,98,256,178,0,29,13686,1607,1065,397,915,377,150,116
86000US91306,91306,48707,1319,24724,1132,12395,723,2394,675,78,82,8424,836,21,23,24,26,1388,350,122,87,1266,320,23983,1323,8536,1375,40,32,120,77,67,61,10,14,14034,1422,1176,342,985,299,191,149
86000US91307,91307,25597,996,21792,1017,16060,848,673,265,281,157,3691,526,0,23,18,21,1069,309,28,47,1041,290,3805,600,2259,501,40,61,0,23,52,63,0,23,720,269,734,356,433,301,301,258
86000US91311,91311,37769,1058,28917,997,19302,858,1174,304,12,17,7122,888,22,25,67,52,1218,333,101,113,1117,326,8852,846,4705,739,33,36,82,83,87,71,0,26,3061,615,884,318,656,325,228,118
86000US91316,91316,28190,1188,24684,1077,20099,1106,1118,485,21,25,1906,376,16,24,0,23,1524,506,296,346,1228,356,3506,663,2695,609,40,41,7,11,0,23,0,23,659,387,105,101,54,62,51,78
86000US91321,91321,34576,1124,18481,1084,13709,907,988,367,20,24,2627,499,7,12,47,44,1083,341,44,30,1039,343,16095,1159,10868,1189,89,88,250,170,70,77,0,26,4153,951,665,269,163,93,502,235
86000US91324,91324,29178,1372,17591,974,10622,953,1817,570,0,23,4550,532,3,5,24,27,575,280,53,46,522,282,11587,1248,4503,921,110,99,61,54,80,89,0,23,6293,1179,540,205,322,137,218,139
86000US91325,91325,32823,1168,22650,1013,13371,732,2589,646,92,99,5456,677,61,59,70,65,1011,356,307,284,704,190,10173,834,5775,864,87,89,35,57,29,25,12,19,3911,695,324,179,308,176,16,18
86000US91326,91326,36024,1007,30929,951,17636,916,1417,520,217,145,10309,872,252,197,102,97,996,336,104,102,892,319,5095,751,2965,590,30,46,0,26,22,27,0,26,1752,483,326,190,214,158,112,102
86000US91330,91330,2708,283,1860,177,908,114,367,119,0,12,472,108,0,12,5,10,108,59,7,14,101,59,848,207,192,78,4,9,8,14,7,12,0,12,565,182,72,42,58,38,14,19
86000US91331,91331,102367,2707,13130,948,4406,532,3241,507,115,73,4907,782,24,37,70,65,367,140,32,22,335,133,89237,2831,59596,2759,205,128,712,352,107,89,59,68,26716,2493,1842,573,1383,476,459,243
86000US91335,91335,77952,2033,36399,1278,23373,1006,2086,472,69,68,9225,854,121,164,210,157,1315,311,78,63,1237,311,41553,1810,32020,1821,96,65,289,188,118,89,0,29,7893,1205,1137,405,786,315,351,213
86000US91340,91340,35455,1085,3468,554,1995,438,656,276,54,65,405,270,207,188,79,125,72,66,37,56,35,33,31987,1173,21766,1570,318,380,123,136,0,26,9,15,9035,1414,736,339,456,209,280,289
86000US91342,91342,91701,2031,22918,1105,12868,767,3368,748,392,224,5241,635,59,54,112,82,878,334,36,34,842,333,68783,2065,49954,2173,411,205,335,170,146,76,21,31,15822,1751,2094,525,1013,298,1081,375
86000US91343,91343,61976,1500,24654,945,12752,876,2280,536,27,23,8393,565,57,53,194,173,951,285,54,52,897,276,37322,1457,20543,1831,73,59,54,64,79,54,28,31,15712,1479,833,292,331,135,502,265
86000US91344,91344,53165,1716,37227,1217,24605,1244,2167,686,78,74,8218,776,190,207,54,62,1915,506,261,204,1654,465,15938,1359,9123,1076,56,52,46,49,122,88,14,23,5702,987,875,278,413,177,462,211
86000US91345,91345,18196,758,6029,482,3635,375,388,157,41,45,1784,376,0,19,40,56,141,94,9,14,132,90,12167,850,6862,924,8,12,75,86,109,96,0,19,4637,955,476,265,337,262,139,123
86000US91350,91350,35826,1088,26462,1080,20294,1039,714,234,57,42,3617,664,8,13,14,18,1758,411,2,7,1756,410,9364,860,6287,945,91,100,69,56,184,192,0,26,2210,615,523,159,318,134,205,95
86000US91351,91351,32433,1061,19225,936,14582,974,850,319,97,81,2268,447,19,27,73,63,1336,416,13,20,1323,418,13208,989,8692,1216,80,75,76,77,37,50,0,26,3474,1060,849,382,406,241,443,285
86000US91352,91352,46874,1304,13560,937,8637,724,940,377,74,88,3541,649,29,26,41,33,298,138,0,26,298,138,33314,1135,27265,1362,96,108,136,86,25,29,0,26,5091,820,701,230,414,196,287,150
86000US91354,91354,29034,1069,24339,983,16292,979,1356,636,0,23,5150,610,61,71,141,116,1339,302,41,49,1298,307,4695,637,3879,619,73,87,16,18,32,30,0,23,364,186,331,128,91,70,240,111
86000US91355,91355,33635,1003,26345,1197,20310,1064,551,233,38,59,3853,640,145,132,66,67,1382,364,0,26,1382,364,7290,849,5119,803,21,40,33,26,4,9,0,26,1362,453,751,342,317,197,434,294
86000US91356,91356,29847,1351,24286,1190,20095,1218,1166,385,67,92,1855,346,0,26,95,110,1008,293,37,42,971,292,5561,750,2350,487,41,52,16,23,47,68,0,26,2826,771,281,124,196,115,85,58
86000US91361,91361,20266,814,18494,748,16480,737,204,111,61,50,1166,284,14,23,0,23,569,241,53,68,516,232,1772,420,924,235,0,23,13,21,7,12,0,23,665,354,163,98,145,98,18,27
86000US91362,91362,35564,902,30370,856,25498,939,510,256,11,17,3348,433,38,49,22,36,943,271,0,26,943,271,5194,780,3150,669,47,67,25,38,13,20,5,8,1399,640,555,363,500,358,55,52
86000US91364,91364,26975,1093,23653,1088,19028,1044,1628,624,60,52,1942,467,7,12,18,20,970,312,0,23,970,312,3322,666,1769,579,62,66,50,51,34,27,0,23,1206,417,201,145,117,90,84,74
86000US91367,91367,42029,1255,37520,1291,28055,1230,2146,622,165,120,5128,587,14,22,74,56,1938,496,273,228,1665,451,4509,803,2244,505,64,73,115,122,48,57,30,49,1606,634,402,132,233,109,169,92
86000US91371,91371,0,12,0,12,0,12,0,12,0,12,0,12,0,12,0,12,0,12,0,12,0,12,0,12,0,12,0,12,0,12,0,12,0,12,0,12,0,12,0,12,0,12
86000US91381,91381,20296,699,16997,796,11436,716,654,299,0,19,4168,487,0,19,6,10,733,312,26,32,707,306,3299,514,2128,490,276,235,61,60,9,16,0,19,412,245,413,239,193,161,220,170
86000US91384,91384,28949,1487,18142,853,12921,791,1773,459,14,18,1792,335,73,63,31,35,1538,449,27,33,1511,455,10807,1095,6178,812,76,39,155,83,7,14,3,6,3474,632,914,342,260,149,654,312
86000US91387,91387,42518,1400,27373,932,17927,905,2337,529,66,103,4816,563,61,53,14,23,2152,403,79,94,2073,409,15145,1219,10063,1070,103,98,207,165,64,52,0,26,3603,968,1105,335,552,270,553,202
86000US91390,91390,19691,1000,15646,760,12990,725,267,140,32,69,1168,236,24,37,16,18,1149,379,71,65,1078,369,4045,704,2186,437,1,3,0,23,12,19,0,23,1275,663,571,264,196,115,375,257
86000US91401,91401,40503,1441,22519,991,17038,796,2323,610,79,63,2026,396,0,26,259,157,794,247,22,27,772,244,17984,1277,6577,842,271,178,101,103,76,74,0,26,10566,1234,393,170,187,129,206,107
86000US91402,91402,70781,1640,19449,959,6095,472,1745,360,54,59,10708,975,10,18,29,26,808,360,59,71,749,343,51332,1628,27282,1720,116,104,234,143,149,118,39,45,23165,1612,347,138,245,126,102,53
86000US91403,91403,24353,813,22302,785,18207,812,1047,326,39,52,1942,348,0,23,72,60,995,295,163,148,832,249,2051,431,1578,357,31,33,0,23,27,28,0,23,268,135,147,86,62,48,85,76
86000US91405,91405,53406,2007,21638,1046,14082,951,2146,467,30,37,4362,773,47,46,282,151,689,205,72,93,617,186,31768,1991,8850,1066,86,74,84,88,97,92,0,29,21994,1766,657,243,529,220,128,80
86000US91406,91406,53528,1901,24674,1003,15771,945,2775,575,68,55,4609,748,19,28,207,131,1225,399,29,26,1196,400,28854,1961,10485,1464,82,62,86,69,27,33,0,29,17469,1860,705,317,451,279,254,122
86000US91411,91411,24146,1056,11913,875,8685,802,1058,236,98,106,1644,341,0,23,52,66,376,161,0,23,376,161,12233,942,8920,1065,126,119,54,64,27,25,0,23,2906,614,200,126,51,38,149,120
86000US91423,91423,32130,1039,27722,951,22654,918,1217,364,31,24,2194,436,123,118,48,53,1455,451,63,90,1392,435,4408,771,3516,764,66,75,108,112,0,26,0,26,453,177,265,137,103,86,162,97
86000US91436,91436,14563,837,13937,836,12279,740,202,117,3,7,1087,361,0,19,61,80,305,220,0,19,305,220,626,291,457,250,0,19,0,19,73,83,0,19,46,42,50,60,18,28,32,53
86000US91501,91501,19829,1192,16339,1087,12603,987,454,296,46,72,2215,554,8,15,235,312,778,278,0,23,778,278,3490,716,2156,521,27,42,4,7,58,97,0,23,1017,359,228,112,141,86,87,80
86000US91502,91502,12605,942,8141,783,6195,725,301,204,12,20,1155,305,0,19,191,214,287,124,0,19,287,124,4464,758,3107,763,5,11,0,19,5,111,0,19,1048,393,299,318,171,247,128,210
86000US91504,91504,25544,911,18878,863,13776,800,362,168,13,21,3852,640,0,23,161,167,714,255,66,66,648,258,6666,849,4628,747,0,23,54,72,101,96,0,23,1699,517,184,129,164,125,20,31
86000US91505,91505,31133,859,22743,771,17944,852,572,272,5,8,2959,525,23,31,74,68,1166,326,98,89,1068,310,8390,620,5367,656,85,71,80,77,10,16,0,26,2320,503,528,225,264,179,264,118
86000US91506,91506,18428,753,13495,797,10298,683,234,192,25,28,1996,349,12,17,126,187,804,256,7,11,797,257,4933,609,3114,596,89,85,20,22,0,19,0,19,1058,336,652,297,309,179,343,247
86000US91601,91601,38781,1508,22880,1126,15220,1001,3239,592,41,65,2963,515,99,88,246,162,1072,230,49,50,1023,233,15901,1168,10715,1089,216,140,123,85,22,28,8,13,4276,808,541,188,270,105,271,166
86000US91602,91602,18315,893,15366,911,12014,878,1178,423,31,28,1198,425,56,85,49,49,840,256,59,44,781,249,2949,607,1623,461,67,49,22,35,0,19,47,75,706,317,484,366,380,371,104,74
86000US91604,91604,29072,1231,26177,1223,21424,1190,1540,444,62,71,2131,430,21,25,30,34,969,245,41,38,928,240,2895,561,2295,473,234,335,10,17,20,31,0,23,223,115,113,100,29,37,84,90
86000US91605,91605,56060,1558,20573,1140,12837,858,1760,365,162,191,5044,492,47,70,141,95,582,190,61,73,521,181,35487,1428,18113,1506,388,353,482,245,56,65,0,29,15746,1347,702,277,457,223,245,160
86000US91606,91606,45467,1585,19850,1048,15035,900,1687,452,67,55,2491,409,24,32,54,49,492,207,43,34,449,201,25617,1392,11414,1272,504,347,130,106,58,77,0,26,12606,1411,905,310,691,286,214,108
86000US91607,91607,29591,1256,23363,1128,18240,1074,2379,769,0,23,1755,376,43,52,84,70,862,264,219,166,643,229,6228,814,4680,726,37,40,82,124,29,61,0,23,974,314,426,255,94,72,332,255
86000US91608,91608,0,12,0,12,0,12,0,12,0,12,0,12,0,12,0,12,0,12,0,12,0,12,0,12,0,12,0,12,0,12,0,12,0,12,0,12,0,12,0,12,0,12
86000US91702,91702,60475,1096,18874,921,10871,816,1459,346,134,70,5295,599,24,24,124,88,967,196,215,109,752,189,41601,1297,14599,1315,26,24,348,216,69,46,0,29,25498,1736,1061,268,839,256,222,104
86000US91706,91706,77692,194,16997,1035,2738,389,919,403,429,278,12495,884,155,164,6,8,255,115,37,54,218,99,60695,1082,24916,1769,235,165,471,213,234,165,9,15,33294,2086,1536,452,1166,409,370,203
86000US91711,91711,36484,273,28735,661,20595,799,1542,389,82,73,5496,631,52,60,72,60,896,246,18,27,878,243,7749,709,5374,664,87,98,135,128,41,34,13,14,1617,501,482,198,144,71,338,183
86000US91722,91722,36352,1499,12330,969,7430,872,705,255,88,65,3533,517,23,35,0,26,551,243,211,181,340,174,24022,1727,11112,1209,104,71,63,45,112,91,0,26,11270,1786,1361,486,925,458,436,202
86000US91723,91723,20010,1070,8784,831,5285,668,749,305,19,20,2150,482,21,34,55,61,505,297,0,19,505,297,11226,1049,4899,884,102,86,84,98,149,130,0,19,5592,1077,400,176,298,161,102,98
86000US91724,91724,25405,1198,12603,819,8508,635,1022,356,0,23,2569,441,12,19,18,28,474,179,40,37,434,182,12802,1081,6104,900,28,26,8,12,130,102,0,23,5513,812,1019,381,710,344,309,172
86000US91731,91731,29209,1174,9976,771,1547,326,63,50,29,37,8150,742,115,122,0,23,72,53,12,18,60,50,19233,1237,13271,1140,62,48,78,61,67,70,0,23,5397,1081,358,184,250,171,108,72
86000US91732,91732,63849,1292,21692,1135,2846,413,359,209,45,38,17819,1059,150,152,58,84,415,263,0,29,415,263,42157,1394,27748,1811,83,115,171,98,51,40,0,29,13447,1670,657,252,526,239,131,79
86000US91733,91733,43790,1464,10154,891,1298,299,46,33,116,105,8442,846,124,109,47,68,81,87,6,9,75,86,33636,1477,26628,1487,18,18,406,259,23,35,0,26,5892,1084,669,214,344,158,325,156
86000US91740,91740,26324,909,16551,1000,13024,868,753,283,76,60,1775,439,0,23,132,131,791,258,13,21,778,255,9773,747,6602,809,21,28,2,4,118,114,0,23,2621,564,409,166,203,115,206,126
86000US91741,91741,25678,884,20019,844,16975,778,434,224,87,70,2038,379,8,13,8,14,469,162,32,41,437,153,5659,593,3744,603,58,63,111,126,97,136,0,23,1366,392,283,145,131,89,152,125
86000US91744,91744,87096,2010,14010,969,4672,548,1290,313,111,63,7244,707,43,38,99,101,551,228,210,169,341,164,73086,1950,45345,2544,217,128,521,266,47,42,7,11,24833,2237,2116,515,1353,466,763,236
86000US91745,91745,55237,1543,30095,1057,7325,622,512,223,140,69,21392,1056,195,157,21,24,510,195,63,67,447,181,25142,1454,17863,1595,57,48,100,67,134,112,38,63,6145,1154,805,231,459,182,346,176
86000US91746,91746,29420,1250,4401,486,1372,235,177,123,23,44,2675,411,0,23,66,56,88,84,0,23,88,84,25019,1315,12679,1171,52,43,243,285,148,163,0,23,11086,1357,811,328,679,296,132,120
86000US91748,91748,47859,1101,33146,916,4618,594,323,116,214,122,27177,808,134,88,30,38,650,189,34,41,616,183,14713,905,6912,805,49,47,9,14,138,103,0,26,6989,1181,616,225,320,205,296,132
86000US91750,91750,33969,499,23034,908,17473,858,1279,432,137,89,3004,492,1,2,75,62,1065,363,26,29,1039,363,10935,859,7993,1006,170,113,88,81,50,70,27,43,2166,617,441,177,331,165,110,62
86000US91754,91754,33622,1012,22086,819,1461,312,159,122,10,10,19561,786,166,156,75,67,654,257,8,14,646,258,11536,1024,5295,837,31,48,50,49,88,95,0,26,5796,1014,276,107,186,89,90,58
86000US91755,91755,27305,1011,20108,908,930,234,105,87,74,121,18473,921,45,40,28,33,453,266,16,20,437,266,7197,750,3730,530,15,24,53,58,106,73,11,15,2958,662,324,154,224,128,100,68
86000US91759,91759,369,119,339,114,335,114,0,12,0,12,4,6,0,12,0,12,0,12,0,12,0,12,30,19,28,18,0,12,2,3,0,12,0,12,0,12,0,12,0,12,0,12
86000US91765,91765,47562,577,37773,735,11047,681,1688,432,138,139,23467,983,442,464,99,77,892,270,87,67,805,263,9789,783,5143,889,160,168,55,50,47,37,0,26,3597,904,787,376,236,166,551,320
86000US91766,91766,71851,1428,20249,1204,7057,989,3802,659,152,97,8171,834,245,243,28,32,794,210,30,34,764,207,51602,1660,41189,2037,230,147,471,244,138,91,0,29,8364,1268,1210,377,488,195,722,316
86000US91767,91767,49027,1367,16611,804,8103,665,4408,594,165,111,3417,451,25,37,7,10,486,172,74,44,412,173,32416,1283,26248,1413,217,172,257,207,31,32,5,13,4552,777,1106,286,782,272,324,123
86000US91768,91768,36454,1118,11066,747,4867,539,2708,471,49,56,2614,456,78,120,302,312,448,138,54,41,394,136,25388,1162,10827,1122,93,66,255,172,21,30,0,26,13316,1414,876,440,724,404,152,118
86000US91770,91770,63119,933,42231,1101,3154,533,184,125,99,65,38144,1050,107,83,47,55,496,231,17,16,479,231,20888,1132,11277,1006,0,29,186,156,45,41,0,29,8708,1156,672,230,556,205,116,83
86000US91773,91773,33869,282,23496,893,16143,849,1284,509,119,102,4417,638,17,18,114,109,1402,431,226,206,1176,388,10373,921,6329,900,73,78,130,134,149,127,0,26,2773,716,919,361,685,349,234,122
86000US91775,91775,25395,839,18879,817,5809,509,196,116,35,31,12131,628,38,55,100,73,570,178,82,78,488,152,6516,728,2731,461,0,23,8,13,62,64,19,27,3324,642,372,183,149,112,223,134
86000US91776,91776,37378,694,27422,944,2980,553,229,129,17,18,23723,914,102,113,50,79,321,127,25,28,296,125,9956,934,3628,702,45,55,43,35,116,119,0,26,5931,1106,193,134,126,116,67,62
86000US91780,91780,35274,691,27389,982,6906,582,302,212,0,26,19582,854,0,26,48,39,551,257,165,220,386,129,7885,834,2709,604,33,40,41,45,73,85,0,26,4688,899,341,185,176,120,165,127
86000US91789,91789,43369,714,34509,838,5860,500,1001,277,43,47,26406,765,95,100,98,60,1006,259,60,53,946,254,8860,751,5561,617,33,32,67,45,291,135,0,26,2482,673,426,168,287,159,139,71
86000US91790,91790,46059,1191,16857,991,6132,600,1414,352,112,111,8680,753,0,26,0,26,519,255,19,34,500,250,29202,1381,11826,1222,225,186,111,94,642,272,34,70,15300,1344,1064,428,584,215,480,371
86000US91791,91791,33174,1090,16285,913,5976,508,1743,406,28,35,8141,756,0,26,41,44,356,130,71,54,285,110,16889,1082,8495,1038,122,101,103,99,85,76,73,85,7173,1081,838,262,732,252,106,79
86000US91792,91792,30102,874,16430,933,2419,434,2091,480,4,7,11389,855,27,45,53,80,447,183,17,19,430,183,13672,857,5728,917,27,26,271,265,87,67,0,26,6479,769,1080,516,508,217,572,448
86000US91801,91801,53792,946,35962,1267,5628,745,902,292,89,95,28544,1333,18,28,173,186,608,216,4,7,604,216,17830,1162,6698,938,38,35,58,48,202,123,22,33,9961,1257,851,276,546,259,305,145
86000US91803,91803,30586,939,18615,978,2864,462,218,111,49,73,14918,902,81,55,19,24,466,217,75,84,391,196,11971,872,5197,720,31,36,30,32,82,68,15,27,6175,1011,441,175,302,157,139,85
86000US92397,92397,4616,667,3895,648,3846,642,0,12,0,12,0,12,0,12,0,12,49,55,0,12,49,55,721,279,573,272,0,12,0,12,0,12,0,12,70,70,78,89,34,53,44,71
86000US93225,93225,5572,748,4789,566,4516,544,0,17,35,41,118,108,0,17,0,17,120,119,0,17,120,119,783,519,676,508,0,17,0,17,0,17,0,17,74,115,33,53,33,53,0,17
86000US93243,93243,1720,681,1024,409,860,360,0,12,35,56,125,178,0,12,0,12,4,6,0,12,4,6,696,502,673,509,0,12,0,12,0,12,0,12,23,43,0,12,0,12,0,12
86000US93252,93252,3665,286,1802,243,1446,234,120,82,35,53,150,101,0,12,0,12,51,31,28,22,23,27,1863,261,1503,270,17,23,27,15,0,12,0,12,112,62,204,173,201,173,3,5
86000US93510,93510,7289,578,5999,458,5508,442,189,108,11,19,67,63,5,9,55,87,164,89,0,17,164,89,1290,462,573,227,0,17,0,17,0,17,0,17,707,516,10,16,0,17,10,16
86000US93532,93532,2419,310,2078,270,1965,276,40,56,16,23,36,34,0,12,2,4,19,25,0,12,19,25,341,129,287,115,3,6,0,12,0,12,0,12,38,31,13,19,10,17,3,8
86000US93534,93534,39120,1316,25045,1207,13406,935,8251,1051,106,74,1630,413,199,163,49,96,1404,570,9,14,1395,567,14075,1254,10365,1433,81,58,133,75,67,92,0,26,2667,678,762,358,502,323,260,141
86000US93535,93535,73282,1885,39984,1683,21118,1395,15094,1393,157,118,2157,547,135,112,101,84,1222,316,111,98,1111,303,33298,1795,25921,1792,724,340,164,116,19,25,19,31,4896,810,1555,480,1077,390,478,229
86000US93536,93536,71313,1752,50147,1741,33496,1599,10346,1001,331,105,3290,553,111,126,69,54,2504,539,27,27,2477,539,21166,1362,15755,1603,541,357,233,139,99,71,9,15,3546,779,983,295,418,193,565,210
86000US93543,93543,13578,1193,4640,718,3185,608,1093,444,0,19,127,79,45,50,13,20,177,187,0,19,177,187,8938,1259,2749,853,28,45,55,72,0,19,0,19,5944,1421,162,152,152,151,10,15
86000US93544,93544,951,334,772,273,611,235,42,64,0,12,0,12,0,12,78,123,41,58,0,12,41,58,179,193,58,81,0,12,0,12,0,12,0,12,30,49,91,108,63,103,28,43
86000US93550,93550,74203,1579,26032,1224,12114,758,9937,1031,301,279,2044,460,147,165,232,178,1257,351,81,72,1176,341,48171,1544,13951,1513,503,287,479,329,30,33,17,27,31412,1695,1779,545,1266,417,513,207
86000US93551,93551,50572,1462,34343,1152,23592,1143,4636,699,237,143,4012,798,51,61,302,285,1513,389,47,41,1466,384,16229,1165,7710,989,123,92,0,29,148,94,5,8,7108,1201,1135,365,919,357,216,140
86000US93552,93552,42073,1452,14168,1398,5905,892,6486,1082,109,56,1008,332,18,28,58,55,584,236,106,99,478,209,27905,1644,10314,1629,179,109,45,40,0,26,0,26,16316,2097,1051,401,480,216,571,336
86000US93553,93553,1975,317,1546,299,1417,296,79,75,11,18,0,12,9,14,0,12,30,47,0,12,30,47,429,183,138,108,0,12,0,12,0,12,0,12,172,120,119,104,119,104,0,12
86000US93560,93560,19189,1240,12082,1211,8808,1184,1618,735,134,112,807,309,0,19,15,23,700,283,90,83,610,268,7107,1060,3927,1052,10,16,59,68,44,46,0,19,2690,768,377,196,221,133,156,138
86000US93563,93563,375,119,280,107,191,84,24,18,0,12,17,25,2,4,0,12,46,36,0,12,46,36,95,51,42,23,0,12,0,12,0,12,0,12,49,40,4,7,0,12,4,7
86000US93591,93591,6558,673,2915,455,1934,312,817,390,0,17,23,36,0,17,0,17,141,99,0,17,141,99,3643,635,1521,459,3,8,19,29,0,17,0,17,1798,602,302,279,62,65,240,251
